Datetime,Water Level (m)
2025-11-06 06:00:00,0.14604376
2025-11-06 07:00:00,0.4714958
2025-11-06 08:00:00,0.82771915
2025-11-06 09:00:00,1.0078763
2025-11-06 10:00:00,0.95467985
2025-11-06 11:00:00,0.76284444
2025-11-06 12:00:00,0.49845442
2025-11-06 13:00:00,0.25154886
2025-11-06 14:00:00,0.042321034
2025-11-06 15:00:00,-0.14549577
2025-11-06 16:00:00,-0.3406547
2025-11-06 17:00:00,-0.34605214
2025-11-06 18:00:00,0.18506755
2025-11-06 19:00:00,0.61882603
2025-11-06 20:00:00,1.1108156
2025-11-06 21:00:00,1.4535028
2025-11-06 22:00:00,1.4829712
2025-11-06 23:00:00,1.2946445
2025-11-07 00:00:00,0.9687555
2025-11-07 01:00:00,0.66186994
2025-11-07 02:00:00,0.42746714
2025-11-07 03:00:00,0.20541765
2025-11-07 04:00:00,-0.020821009
2025-11-07 05:00:00,-0.21312083
2025-11-07 06:00:00,-0.15582104
2025-11-07 07:00:00,0.30921668
2025-11-07 08:00:00,0.66245633
2025-11-07 09:00:00,1.0122062
2025-11-07 10:00:00,1.091444
2025-11-07 11:00:00,0.9392474
2025-11-07 12:00:00,0.71933687
2025-11-07 13:00:00,0.46304756
2025-11-07 14:00:00,0.23865576
2025-11-07 15:00:00,0.034506276
2025-11-07 16:00:00,-0.15212706
2025-11-07 17:00:00,-0.3164737
2025-11-07 18:00:00,-0.21673621
2025-11-07 19:00:00,0.25532678
2025-11-07 20:00:00,0.68663275
2025-11-07 21:00:00,1.166539
2025-11-07 22:00:00,1.4001994
2025-11-07 23:00:00,1.353355
2025-11-08 00:00:00,1.1198791
2025-11-08 01:00:00,0.8109108
2025-11-08 02:00:00,0.5386432
2025-11-08 03:00:00,0.31638956
2025-11-08 04:00:00,0.09834779
2025-11-08 05:00:00,-0.10725955
2025-11-08 06:00:00,-0.2737666
2025-11-08 07:00:00,-0.16972414
2025-11-08 08:00:00,0.24871874
2025-11-08 09:00:00,0.5762183
2025-11-08 10:00:00,0.89064765
2025-11-08 11:00:00,0.9109346
2025-11-08 12:00:00,0.75981754
2025-11-08 13:00:00,0.55968744
2025-11-08 14:00:00,0.3245322
2025-11-08 15:00:00,0.11494564
2025-11-08 16:00:00,-0.07499984
2025-11-08 17:00:00,-0.25608695
2025-11-08 18:00:00,-0.38737774
2025-11-08 19:00:00,-0.1720056
2025-11-08 20:00:00,0.23776177
2025-11-08 21:00:00,0.65514493
2025-11-08 22:00:00,1.0970371
2025-11-08 23:00:00,1.2458363
2025-11-09 00:00:00,1.1773127
2025-11-09 01:00:00,0.9410775
2025-11-09 02:00:00,0.65594095
2025-11-09 03:00:00,0.4110153
2025-11-09 04:00:00,0.20348488
2025-11-09 05:00:00,-0.002671657
2025-11-09 06:00:00,-0.18945785
2025-11-09 07:00:00,-0.31367725
2025-11-09 08:00:00,-0.09590705
2025-11-09 09:00:00,0.21951595
2025-11-09 10:00:00,0.51969945
2025-11-09 11:00:00,0.7988646
2025-11-09 12:00:00,0.77875686
2025-11-09 13:00:00,0.6500044
2025-11-09 14:00:00,0.45682716
2025-11-09 15:00:00,0.24039234
2025-11-09 16:00:00,0.045971762
2025-11-09 17:00:00,-0.12853071
2025-11-09 18:00:00,-0.29188988
2025-11-09 19:00:00,-0.35807857
2025-11-09 20:00:00,-0.02682507
2025-11-09 21:00:00,0.30121598
2025-11-09 22:00:00,0.6873852
2025-11-09 23:00:00,1.0720379
2025-11-10 00:00:00,1.1722457
2025-11-10 01:00:00,1.1023012
2025-11-10 02:00:00,0.862276
2025-11-10 03:00:00,0.59346277
2025-11-10 04:00:00,0.3618376
2025-11-10 05:00:00,0.16153157
2025-11-10 06:00:00,-0.03519369
2025-11-10 07:00:00,-0.21356067
2025-11-10 08:00:00,-0.315392
2025-11-10 09:00:00,-0.12839492
2025-11-10 10:00:00,0.14817981
2025-11-10 11:00:00,0.4237587
2025-11-10 12:00:00,0.6734074
2025-11-10 13:00:00,0.6678761
2025-11-10 14:00:00,0.56007993
2025-11-10 15:00:00,0.391262
2025-11-10 16:00:00,0.19328943
2025-11-10 17:00:00,0.008166335
2025-11-10 18:00:00,-0.15351814
2025-11-10 19:00:00,-0.29494718
2025-11-10 20:00:00,-0.3091612
2025-11-10 21:00:00,-0.019117013
2025-11-10 22:00:00,0.25015506
2025-11-10 23:00:00,0.59220827
2025-11-11 00:00:00,0.9084272
2025-11-11 01:00:00,0.9879495
2025-11-11 02:00:00,0.9369525
2025-11-11 03:00:00,0.7278294
2025-11-11 04:00:00,0.48617697
2025-11-11 05:00:00,0.26924434
2025-11-11 06:00:00,0.078857265
2025-11-11 07:00:00,-0.09720282
2025-11-11 08:00:00,-0.2646695
2025-11-11 09:00:00,-0.35908902
2025-11-11 10:00:00,-0.22148886
2025-11-11 11:00:00,0.025791125
2025-11-11 12:00:00,0.27582273
2025-11-11 13:00:00,0.52044505
2025-11-11 14:00:00,0.549515
2025-11-11 15:00:00,0.47791782
2025-11-11 16:00:00,0.3432817
2025-11-11 17:00:00,0.16699676
2025-11-11 18:00:00,-0.003960145
2025-11-11 19:00:00,-0.15546529
2025-11-11 20:00:00,-0.27834424
2025-11-11 21:00:00,-0.3007965
2025-11-11 22:00:00,-0.10087471
2025-11-11 23:00:00,0.11746326
2025-11-12 00:00:00,0.411594
2025-11-12 01:00:00,0.7019506
2025-11-12 02:00:00,0.8010854
2025-11-12 03:00:00,0.7860497
2025-11-12 04:00:00,0.6220824
2025-11-12 05:00:00,0.41373834
2025-11-12 06:00:00,0.20850445
